gender,race/ethnicity,parental level of education,lunch,test preparation course,math score,reading score,writing score,average_score
0,1,1,1,1,72,72,74,72.66666666666667
0,2,4,1,0,69,90,88,82.33333333333333
0,1,3,1,1,90,95,93,92.66666666666667
1,0,0,0,1,47,57,44,49.333333333333336
1,2,4,1,1,76,78,75,76.33333333333333
0,1,0,1,1,71,83,78,77.33333333333333
0,1,4,1,0,88,95,92,91.66666666666667
1,1,4,0,1,40,43,39,40.666666666666664
1,3,2,0,0,64,64,67,65.0
0,1,2,0,1,38,60,50,49.333333333333336
1,2,0,1,1,58,54,52,54.666666666666664
1,3,0,1,1,40,52,43,45.0
0,1,2,1,1,65,81,73,73.0
1,0,4,1,0,78,72,70,73.33333333333333
0,0,3,1,1,50,53,58,53.666666666666664
0,2,5,1,1,69,75,78,74.0
1,2,2,1,1,88,89,86,87.66666666666667
0,1,5,0,1,18,32,28,26.0
1,2,3,0,0,46,42,46,44.666666666666664
0,2,0,0,1,54,58,61,57.666666666666664
1,3,2,1,1,66,69,63,66.0
0,1,4,0,0,65,75,70,70.0
1,3,4,1,1,44,54,53,50.333333333333336
0,2,5,1,1,69,73,73,71.66666666666667
1,3,1,0,0,74,71,80,75.0
1,0,3,0,1,73,74,72,73.0
1,1,4,1,1,69,54,55,59.333333333333336
0,2,1,1,1,67,69,75,70.33333333333333
1,2,2,1,1,70,70,65,68.33333333333333
0,3,3,1,1,62,70,75,69.0
0,3,4,1,1,69,74,74,72.33333333333333
0,1,4,1,1,63,65,61,63.0
0,4,3,0,1,56,72,65,64.33333333333333
1,3,4,1,1,40,42,38,40.0
1,4,4,1,1,97,87,82,88.66666666666667
1,4,0,1,0,81,81,79,80.33333333333333
0,3,0,1,1,74,81,83,79.33333333333333
0,3,5,0,1,50,64,59,57.666666666666664
0,3,0,0,0,75,90,88,84.33333333333333
1,1,0,0,1,57,56,57,56.666666666666664
1,2,0,0,1,55,61,54,56.666666666666664
0,2,0,1,1,58,73,68,66.33333333333333
0,1,0,1,1,53,58,65,58.666666666666664
1,1,4,0,0,59,65,66,63.333333333333336
0,4,0,0,1,50,56,54,53.333333333333336
1,1,0,1,1,65,54,57,58.666666666666664
0,0,0,1,0,55,65,62,60.666666666666664
0,2,2,1,1,66,71,76,71.0
0,3,0,0,0,57,74,76,69.0
1,2,2,1,0,82,84,82,82.66666666666667
1,4,4,1,1,53,55,48,52.0
1,4,0,0,0,77,69,68,71.33333333333333
1,2,4,1,1,53,44,42,46.333333333333336
1,3,2,1,1,88,78,75,80.33333333333333
0,2,5,0,0,71,84,87,80.66666666666667
0,2,2,0,1,33,41,43,39.0
0,4,0,1,0,82,85,86,84.33333333333333
1,3,0,1,1,52,55,49,52.0
1,3,4,1,0,58,59,58,58.333333333333336
0,2,5,0,1,0,17,10,9.0
1,4,1,0,0,79,74,72,75.0
1,0,5,0,1,39,39,34,37.333333333333336
1,0,0,0,1,62,61,55,59.333333333333336
0,2,0,1,1,69,80,71,73.33333333333333
0,3,5,1,1,59,58,59,58.666666666666664
1,1,5,1,1,67,64,61,64.0
1,3,5,0,1,45,37,37,39.666666666666664
0,2,4,1,1,60,72,74,68.66666666666667
1,1,0,0,1,61,58,56,58.333333333333336
0,2,0,1,1,39,64,57,53.333333333333336
0,3,4,0,0,58,63,73,64.66666666666667
1,3,4,1,0,63,55,63,60.333333333333336
0,0,0,0,1,41,51,48,46.666666666666664
1,2,5,0,1,61,57,56,58.0
1,2,5,1,1,49,49,41,46.333333333333336
1,1,0,0,1,44,41,38,41.0
1,4,5,1,1,30,26,22,26.0
1,0,1,1,0,80,78,81,79.66666666666667
0,3,5,1,0,61,74,72,69.0
0,4,3,1,1,62,68,68,66.0
0,1,0,1,1,47,49,50,48.666666666666664
1,1,2,0,1,49,45,45,46.333333333333336
1,0,4,0,0,50,47,54,50.333333333333336
1,4,0,1,1,72,64,63,66.33333333333333
1,3,2,0,1,42,39,34,38.333333333333336
0,2,4,1,1,73,80,82,78.33333333333333
0,2,4,0,1,76,83,88,82.33333333333333
0,3,0,1,1,71,71,74,72.0
0,0,4,1,1,58,70,67,65.0
0,3,5,1,1,73,86,82,80.33333333333333
0,2,1,1,1,65,72,74,70.33333333333333
1,2,2,0,1,27,34,36,32.333333333333336
1,2,2,1,1,71,79,71,73.66666666666667
1,2,0,0,0,43,45,50,46.0
0,1,4,1,1,79,86,92,85.66666666666667
1,2,0,0,0,78,81,82,80.33333333333333
1,1,5,1,0,65,66,62,64.33333333333333
0,4,4,1,0,63,72,70,68.33333333333333
0,3,4,0,1,58,67,62,62.333333333333336
0,3,1,1,1,65,67,62,64.66666666666667
1,1,4,1,1,79,67,67,71.0
1,3,1,1,0,68,74,74,72.0
0,3,0,1,1,85,91,89,88.33333333333333
1,1,2,1,0,60,44,47,50.333333333333336
1,2,4,1,0,98,86,90,91.33333333333333
0,2,4,1,1,58,67,72,65.66666666666667
0,3,3,1,1,87,100,100,95.66666666666667
1,4,0,1,0,66,63,64,64.33333333333333
0,1,0,0,1,52,76,70,66.0
0,1,5,1,1,70,64,72,68.66666666666667
0,3,0,0,0,77,89,98,88.0
1,2,2,1,1,62,55,49,55.333333333333336
1,0,0,1,1,54,53,47,51.333333333333336
0,3,4,1,1,51,58,54,54.333333333333336
0,4,1,1,0,99,100,100,99.66666666666667
1,2,2,1,1,84,77,74,78.33333333333333
0,1,1,0,1,75,85,82,80.66666666666667
0,3,1,1,1,78,82,79,79.66666666666667
0,3,5,1,1,51,63,61,58.333333333333336
0,2,4,1,1,55,69,65,63.0
0,2,1,1,0,79,92,89,86.66666666666667
1,1,0,1,0,91,89,92,90.66666666666667
0,2,4,1,0,88,93,93,91.33333333333333
1,3,2,0,1,63,57,56,58.666666666666664
1,4,4,1,1,83,80,73,78.66666666666667
0,1,2,1,1,87,95,86,89.33333333333333
1,1,5,1,1,72,68,67,69.0
1,3,4,1,0,65,77,74,72.0
1,3,3,1,1,82,82,74,79.33333333333333
0,0,1,1,1,51,49,51,50.333333333333336
1,3,3,1,1,89,84,82,85.0
1,2,5,0,0,53,37,40,43.333333333333336
1,4,4,0,0,87,74,70,77.0
0,2,4,1,0,75,81,84,80.0
1,3,1,0,0,74,79,75,76.0
1,2,1,1,1,58,55,48,53.666666666666664
1,1,5,1,0,51,54,41,48.666666666666664
1,4,2,1,1,70,55,56,60.333333333333336
0,2,0,1,1,59,66,67,64.0
1,3,4,1,0,71,61,69,67.0
0,3,5,1,1,76,72,71,73.0
0,2,4,0,1,59,62,64,61.666666666666664
0,4,4,0,0,42,55,54,50.333333333333336
1,0,2,1,1,57,43,47,49.0
1,3,4,1,1,88,73,78,79.66666666666667
0,2,4,0,1,22,39,33,31.333333333333332
1,1,5,1,1,88,84,75,82.33333333333333
1,2,0,0,1,73,68,66,69.0
0,3,1,1,0,68,75,81,74.66666666666667
1,4,0,0,0,100,100,93,97.66666666666667
1,0,5,1,0,62,67,69,66.0
1,0,1,1,1,77,67,68,70.66666666666667
0,1,0,1,0,59,70,66,65.0
1,3,1,1,1,54,49,47,50.0
1,3,5,1,1,62,67,61,63.333333333333336
0,2,4,1,0,70,89,88,82.33333333333333
0,4,2,0,0,66,74,78,72.66666666666667
1,1,4,0,1,60,60,60,60.0
0,1,0,1,0,61,86,87,78.0
1,3,0,0,1,66,62,64,64.0
1,1,0,0,0,82,78,74,78.0
0,4,4,0,0,75,88,85,82.66666666666667
1,1,3,0,1,49,53,52,51.333333333333336
1,2,2,1,1,52,53,49,51.333333333333336
0,4,3,1,1,81,92,91,88.0
0,2,1,1,0,96,100,100,98.66666666666667
1,2,2,0,0,53,51,51,51.666666666666664
0,1,3,0,0,58,76,78,70.66666666666667
0,1,2,1,0,68,83,78,76.33333333333333
0,2,4,0,0,67,75,70,70.66666666666667
1,0,2,1,0,72,73,74,73.0
1,4,5,1,1,94,88,78,86.66666666666667
0,3,4,1,1,79,86,81,82.0
0,2,0,1,1,63,67,70,66.66666666666667
0,2,1,0,0,43,51,54,49.333333333333336
0,2,3,1,0,81,91,87,86.33333333333333
0,1,2,0,0,46,54,58,52.666666666666664
0,2,0,1,0,71,77,77,75.0
0,1,3,0,0,52,70,62,61.333333333333336
0,3,5,1,0,97,100,100,99.0
1,2,3,0,0,62,68,75,68.33333333333333
0,2,4,0,1,46,64,66,58.666666666666664
0,4,2,1,1,50,50,47,49.0
0,3,0,1,1,65,69,70,68.0
1,2,5,0,0,45,52,49,48.666666666666664
1,2,0,0,0,65,67,65,65.66666666666667
1,4,2,1,1,80,76,65,73.66666666666667
1,3,5,1,0,62,66,68,65.33333333333333
1,1,5,0,1,48,52,45,48.333333333333336
0,2,1,1,1,77,88,87,84.0
0,4,0,1,1,66,65,69,66.66666666666667
1,3,4,1,0,76,83,79,79.33333333333333
0,1,5,1,1,62,64,66,64.0
1,3,4,1,0,77,62,62,67.0
0,2,3,1,0,69,84,85,79.33333333333333
1,3,0,1,1,61,55,52,56.0
1,2,5,0,0,59,69,65,64.33333333333333
1,4,2,0,1,55,56,51,54.0
0,1,4,0,1,45,53,55,51.0
0,1,1,0,1,78,79,76,77.66666666666667
0,2,0,1,0,67,84,86,79.0
0,3,4,0,1,65,81,77,74.33333333333333
1,2,0,1,1,69,77,69,71.66666666666667
0,1,0,1,1,57,69,68,64.66666666666667
1,2,4,1,1,59,41,42,47.333333333333336
1,3,5,1,0,74,71,78,74.33333333333333
1,4,1,1,1,82,62,62,68.66666666666667
1,4,2,1,0,81,80,76,79.0
0,1,4,0,1,74,81,76,77.0
0,1,4,0,1,58,61,66,61.666666666666664
1,3,5,0,0,80,79,79,79.33333333333333
1,2,4,0,1,35,28,27,30.0
0,2,2,0,1,42,62,60,54.666666666666664
1,2,0,0,0,60,51,56,55.666666666666664
1,4,2,1,0,87,91,81,86.33333333333333
1,1,5,1,0,84,83,75,80.66666666666667
0,4,0,0,0,83,86,88,85.66666666666667
0,2,2,0,1,34,42,39,38.333333333333336
1,1,2,0,1,66,77,70,71.0
1,1,5,1,0,61,56,56,57.666666666666664
0,3,2,1,0,56,68,74,66.0
1,1,0,1,1,87,85,73,81.66666666666667
0,2,5,0,1,55,65,62,60.666666666666664
1,3,5,1,1,86,80,75,80.33333333333333
0,1,0,1,0,52,66,73,63.666666666666664
0,4,3,0,1,45,56,54,51.666666666666664
0,2,4,1,1,72,72,71,71.66666666666667
1,3,2,1,1,57,50,54,53.666666666666664
1,0,5,0,1,68,72,64,68.0
0,2,4,1,0,88,95,94,92.33333333333333
1,3,4,1,1,76,64,66,68.66666666666667
1,2,0,1,1,46,43,42,43.666666666666664
0,1,1,1,1,67,86,83,78.66666666666667
1,4,5,1,1,92,87,78,85.66666666666667
1,2,1,1,0,83,82,84,83.0
1,3,0,1,1,80,75,77,77.33333333333333
1,3,1,0,1,63,66,67,65.33333333333333
0,3,5,1,0,64,60,74,66.0
1,1,4,1,1,54,52,51,52.333333333333336
1,2,0,1,1,84,80,80,81.33333333333333
1,3,2,0,0,73,68,66,69.0
0,4,1,1,1,80,83,83,82.0
0,3,2,1,1,56,52,55,54.333333333333336
1,4,4,1,1,59,51,43,51.0
1,3,5,1,1,75,74,69,72.66666666666667
1,2,0,1,1,85,76,71,77.33333333333333
1,4,0,1,1,89,76,74,79.66666666666667
0,1,2,1,0,58,70,68,65.33333333333333
0,1,2,1,1,65,64,62,63.666666666666664
1,2,2,1,1,68,60,53,60.333333333333336
1,0,5,1,0,47,49,49,48.333333333333336
0,3,4,0,1,71,83,83,79.0
0,1,5,1,0,60,70,70,66.66666666666667
1,3,3,1,1,80,80,72,77.33333333333333
1,3,2,1,1,54,52,52,52.666666666666664
0,4,4,1,1,62,73,70,68.33333333333333
0,2,0,0,1,64,73,68,68.33333333333333
1,2,0,1,0,78,77,77,77.33333333333333
0,1,4,1,1,70,75,78,74.33333333333333
0,2,3,0,0,65,81,81,75.66666666666667
0,2,5,0,0,64,79,77,73.33333333333333
1,2,4,1,0,79,79,78,78.66666666666667
0,2,5,0,1,44,50,51,48.333333333333336
0,4,2,1,1,99,93,90,94.0
1,3,2,1,1,76,73,68,72.33333333333333
1,3,5,0,1,59,42,41,47.333333333333336
0,2,1,1,1,63,75,81,73.0
0,3,2,1,1,69,72,77,72.66666666666667
0,3,0,1,0,88,92,95,91.66666666666667
0,4,4,0,1,71,76,70,72.33333333333333
1,2,1,1,1,69,63,61,64.33333333333333
1,2,4,1,1,58,49,42,49.666666666666664
0,3,0,0,1,47,53,58,52.666666666666664
0,3,4,1,1,65,70,71,68.66666666666667
1,1,4,1,0,88,85,76,83.0
1,2,1,1,1,83,78,73,78.0
0,2,5,1,0,85,92,93,90.0
0,4,2,1,0,59,63,75,65.66666666666667
0,2,5,0,1,65,86,80,77.0
1,1,1,0,1,73,56,57,62.0
1,3,2,1,1,53,52,42,49.0
1,3,2,1,1,45,48,46,46.333333333333336
0,3,1,0,1,73,79,84,78.66666666666667
0,3,4,0,0,70,78,78,75.33333333333333
0,1,5,1,1,37,46,46,43.0
1,1,0,1,0,81,82,82,81.66666666666667
1,4,0,1,0,97,82,88,89.0
0,1,5,1,1,67,89,82,79.33333333333333
1,1,1,0,1,88,75,76,79.66666666666667
1,4,5,1,0,77,76,77,76.66666666666667
1,2,0,1,1,76,70,68,71.33333333333333
1,3,5,1,1,86,73,70,76.33333333333333
1,2,5,1,0,63,60,57,60.0
0,4,1,1,1,65,73,75,71.0
1,3,2,0,0,78,77,80,78.33333333333333
1,1,0,0,1,67,62,60,63.0
1,0,5,1,0,46,41,43,43.333333333333336
1,4,0,1,0,71,74,68,71.0
1,2,2,0,0,40,46,50,45.333333333333336
1,3,0,0,1,90,87,75,84.0
1,0,4,0,0,81,78,81,80.0
1,3,5,0,1,56,54,52,54.0
0,2,0,1,0,67,84,81,77.33333333333333
1,1,0,1,1,80,76,64,73.33333333333333
0,2,0,1,0,74,75,83,77.33333333333333
1,0,4,1,1,69,67,69,68.33333333333333
1,4,4,1,0,99,87,81,89.0
1,2,5,1,1,51,52,44,49.0
0,1,0,0,1,53,71,67,63.666666666666664
0,3,2,0,1,49,57,52,52.666666666666664
0,1,0,1,1,73,76,80,76.33333333333333
1,1,1,1,1,66,60,57,61.0
1,3,1,1,0,67,61,68,65.33333333333333
0,2,0,0,0,68,67,69,68.0
0,2,1,1,0,59,64,75,66.0
1,2,2,1,1,71,66,65,67.33333333333333
0,3,3,1,0,77,82,91,83.33333333333333
1,2,0,1,1,83,72,78,77.66666666666667
1,1,1,1,1,63,71,69,67.66666666666667
0,3,0,0,1,56,65,63,61.333333333333336
0,2,2,0,0,67,79,84,76.66666666666667
0,4,2,1,1,75,86,79,80.0
0,2,4,1,1,71,81,80,77.33333333333333
0,2,5,0,1,43,53,53,49.666666666666664
0,2,2,0,1,41,46,43,43.333333333333336
0,2,4,1,1,82,90,94,88.66666666666667
1,2,4,1,1,61,61,62,61.333333333333336
1,0,4,0,1,28,23,19,23.333333333333332
1,2,0,1,0,82,75,77,78.0
0,1,5,1,1,41,55,51,49.0
1,2,2,1,1,71,60,61,64.0
1,2,0,1,1,47,37,35,39.666666666666664
1,4,0,1,0,62,56,53,57.0
1,1,0,1,1,90,78,81,83.0
0,2,1,1,1,83,93,95,90.33333333333333
0,1,4,0,1,61,68,66,65.0
1,3,5,1,0,76,70,69,71.66666666666667
1,2,0,1,1,49,51,43,47.666666666666664
0,1,5,0,1,24,38,27,29.666666666666668
0,3,5,0,0,35,55,60,50.0
1,2,2,0,1,58,61,52,57.0
0,2,2,1,1,61,73,63,65.66666666666667
0,1,2,1,0,69,76,74,73.0
1,3,0,1,0,67,72,67,68.66666666666667
1,3,4,1,1,79,73,67,73.0
0,2,2,1,1,72,80,75,75.66666666666667
1,1,4,1,1,62,61,57,60.0
0,2,1,1,0,77,94,95,88.66666666666667
1,3,2,0,1,75,74,66,71.66666666666667
1,4,0,1,1,87,74,76,79.0
0,1,1,1,1,52,65,69,62.0
1,4,4,1,1,66,57,52,58.333333333333336
0,2,4,1,0,63,78,80,73.66666666666667
0,2,0,1,1,46,58,57,53.666666666666664
0,2,4,1,1,59,71,70,66.66666666666667
0,1,1,1,1,61,72,70,67.66666666666667
1,0,0,1,1,63,61,61,61.666666666666664
0,2,4,0,0,42,66,69,59.0
1,3,4,0,1,59,62,61,60.666666666666664
0,3,4,1,1,80,90,89,86.33333333333333
0,1,2,1,1,58,62,59,59.666666666666664
1,1,5,1,0,85,84,78,82.33333333333333
0,2,4,1,1,52,58,58,56.0
0,3,5,0,1,27,34,32,31.0
1,2,4,1,1,59,60,58,59.0
1,0,1,0,0,49,58,60,55.666666666666664
1,2,2,1,0,69,58,53,60.0
1,2,1,0,1,61,66,61,62.666666666666664
0,0,5,0,1,44,64,58,55.333333333333336
0,3,5,1,1,73,84,85,80.66666666666667
1,4,4,1,1,84,77,71,77.33333333333333
0,2,4,0,0,45,73,70,62.666666666666664
1,3,5,1,1,74,74,72,73.33333333333333
0,3,4,1,0,82,97,96,91.66666666666667
0,3,1,1,1,59,70,73,67.33333333333333
1,4,0,0,1,46,43,41,43.333333333333336
0,3,5,1,1,80,90,82,84.0
0,3,3,0,0,85,95,100,93.33333333333333
0,0,5,1,1,71,83,77,77.0
1,0,1,1,1,66,64,62,64.0
0,1,0,1,1,80,86,83,83.0
1,2,0,1,0,87,100,95,94.0
1,2,3,0,1,79,81,71,77.0
0,4,5,0,1,38,49,45,44.0
0,0,5,0,1,38,43,43,41.333333333333336
0,4,4,1,1,67,76,75,72.66666666666667
0,4,1,1,1,64,73,70,69.0
0,2,0,0,1,57,78,67,67.33333333333333
0,3,2,1,1,62,64,64,63.333333333333336
1,3,3,1,1,73,70,75,72.66666666666667
1,4,5,0,0,73,67,59,66.33333333333333
0,3,4,1,1,77,68,77,74.0
1,4,4,1,1,76,67,67,70.0
1,2,0,1,0,57,54,56,55.666666666666664
0,2,5,1,0,65,74,77,72.0
1,0,2,0,1,48,45,41,44.666666666666664
0,1,2,0,1,50,67,63,60.0
0,2,0,1,1,85,89,95,89.66666666666667
1,1,5,1,1,74,63,57,64.66666666666667
1,3,5,1,1,60,59,54,57.666666666666664
0,2,5,1,0,59,54,67,60.0
1,0,4,1,1,53,43,43,46.333333333333336
0,0,4,0,1,49,65,55,56.333333333333336
0,3,2,1,0,88,99,100,95.66666666666667
0,2,2,1,1,54,59,62,58.333333333333336
0,2,5,1,1,63,73,68,68.0
1,1,0,1,0,65,65,63,64.33333333333333
0,1,0,1,1,82,80,77,79.66666666666667
0,3,2,0,0,52,57,56,55.0
1,3,0,1,0,87,84,85,85.33333333333333
0,3,3,1,0,70,71,74,71.66666666666667
1,4,4,1,0,84,83,78,81.66666666666667
1,3,0,1,1,71,66,60,65.66666666666667
1,1,5,1,0,63,67,67,65.66666666666667
0,2,1,0,0,51,72,79,67.33333333333333
1,4,2,1,1,84,73,69,75.33333333333333
1,2,1,1,0,71,74,68,71.0
1,2,0,1,1,74,73,67,71.33333333333333
1,3,4,1,1,68,59,62,63.0
1,4,2,0,0,57,56,54,55.666666666666664
0,2,0,0,0,82,93,93,89.33333333333333
0,3,2,1,0,57,58,64,59.666666666666664
0,3,3,0,0,47,58,67,57.333333333333336
0,0,5,1,0,59,85,80,74.66666666666667
1,1,4,0,1,41,39,34,38.0
0,2,4,0,1,62,67,62,63.666666666666664
1,2,1,1,1,86,83,86,85.0
1,2,5,0,1,69,71,65,68.33333333333333
1,0,5,0,1,65,59,53,59.0
1,2,5,0,1,68,63,54,61.666666666666664
1,2,0,0,1,64,66,59,63.0
0,2,2,1,1,61,72,70,67.66666666666667
1,2,2,1,1,61,56,55,57.333333333333336
0,0,5,0,1,47,59,50,52.0
1,2,5,1,1,73,66,66,68.33333333333333
1,2,4,0,0,50,48,53,50.333333333333336
1,3,0,1,1,75,68,64,69.0
1,3,0,0,1,75,66,73,71.33333333333333
1,2,2,1,1,70,56,51,59.0
1,3,5,1,0,89,88,82,86.33333333333333
0,2,4,1,0,67,81,79,75.66666666666667
0,3,2,1,1,78,81,80,79.66666666666667
0,0,5,0,1,59,73,69,67.0
0,1,0,1,1,73,83,76,77.33333333333333
1,0,5,0,1,79,82,73,78.0
0,2,5,1,0,67,74,77,72.66666666666667
1,3,4,0,1,69,66,60,65.0
1,2,2,1,0,86,81,80,82.33333333333333
1,1,2,1,1,47,46,42,45.0
1,1,0,1,1,81,73,72,75.33333333333333
0,2,4,0,0,64,85,85,78.0
0,4,4,1,1,100,92,97,96.33333333333333
0,2,0,0,1,65,77,74,72.0
1,2,4,0,1,65,58,49,57.333333333333336
0,2,0,0,1,53,61,62,58.666666666666664
1,2,1,0,1,37,56,47,46.666666666666664
0,3,1,1,1,79,89,89,85.66666666666667
1,3,0,0,1,53,54,48,51.666666666666664
0,4,1,1,1,100,100,100,100.0
1,1,2,1,0,72,65,68,68.33333333333333
1,2,1,0,1,53,58,55,55.333333333333336
1,1,4,0,1,54,54,45,51.0
0,4,4,1,1,71,70,76,72.33333333333333
0,2,4,0,1,77,90,91,86.0
1,0,1,1,0,75,58,62,65.0
0,2,4,1,1,84,87,91,87.33333333333333
0,3,0,0,1,26,31,38,31.666666666666668
1,0,2,0,0,72,67,65,68.0
0,0,2,0,0,77,88,85,83.33333333333333
1,2,4,1,1,91,74,76,80.33333333333333
0,2,0,1,0,83,85,90,86.0
0,2,2,1,1,63,69,74,68.66666666666667
0,2,0,1,0,68,86,84,79.33333333333333
0,3,5,1,1,59,67,61,62.333333333333336
0,1,0,1,0,90,90,91,90.33333333333333
0,3,1,1,0,71,76,83,76.66666666666667
1,4,1,1,0,76,62,66,68.0
1,3,0,1,1,80,68,72,73.33333333333333
0,3,3,1,1,55,64,70,63.0
1,4,0,1,1,76,71,67,71.33333333333333
1,1,2,1,0,73,71,68,70.66666666666667
0,3,0,0,1,52,59,56,55.666666666666664
1,2,4,0,1,68,68,61,65.66666666666667
1,0,2,1,1,59,52,46,52.333333333333336
0,1,0,1,1,49,52,54,51.666666666666664
1,2,2,1,1,70,74,71,71.66666666666667
1,3,4,0,1,61,47,56,54.666666666666664
0,2,0,0,1,60,75,74,69.66666666666667
1,1,5,1,0,64,53,57,58.0
1,0,0,0,0,79,82,82,81.0
0,0,0,0,1,65,85,76,75.33333333333333
0,2,0,1,1,64,64,70,66.0
0,2,4,1,1,83,83,90,85.33333333333333
0,2,1,1,1,81,88,90,86.33333333333333
0,1,2,1,1,54,64,68,62.0
1,3,2,1,0,68,64,66,66.0
0,2,4,1,1,54,48,52,51.333333333333336
0,3,4,0,0,59,78,76,71.0
0,1,5,1,1,66,69,68,67.66666666666667
1,4,4,1,1,76,71,72,73.0
0,3,3,1,1,74,79,82,78.33333333333333
0,1,0,1,0,94,87,92,91.0
1,2,4,0,1,63,61,54,59.333333333333336
0,4,0,1,0,95,89,92,92.0
0,3,3,0,1,40,59,54,51.0
0,1,5,1,1,82,82,80,81.33333333333333
1,0,2,1,1,68,70,66,68.0
1,1,1,0,1,55,59,54,56.0
1,2,3,1,1,79,78,77,78.0
0,2,1,1,1,86,92,87,88.33333333333333
1,3,4,1,1,76,71,73,73.33333333333333
1,0,5,1,1,64,50,43,52.333333333333336
1,3,5,0,1,62,49,52,54.333333333333336
0,1,5,1,0,54,61,62,59.0
0,1,3,0,0,77,97,94,89.33333333333333
0,2,5,1,0,76,87,85,82.66666666666667
0,3,4,1,1,74,89,84,82.33333333333333
0,4,4,1,0,66,74,73,71.0
0,3,5,1,0,66,78,78,74.0
0,1,2,0,0,67,78,79,74.66666666666667
1,3,4,1,1,71,49,52,57.333333333333336
0,2,0,1,1,91,86,84,87.0
1,3,1,1,1,69,58,57,61.333333333333336
1,2,3,0,1,54,59,50,54.333333333333336
1,2,2,1,0,53,52,49,51.333333333333336
1,4,4,1,1,68,60,59,62.333333333333336
1,2,5,0,0,56,61,60,59.0
0,2,2,0,1,36,53,43,44.0
0,3,1,0,1,29,41,47,39.0
0,2,0,1,1,62,74,70,68.66666666666667
0,2,0,1,0,68,67,73,69.33333333333333
0,2,5,1,1,47,54,53,51.333333333333336
1,4,0,1,0,62,61,58,60.333333333333336
0,4,0,1,0,79,88,94,87.0
1,1,2,1,0,73,69,68,70.0
0,2,1,0,0,66,83,83,77.33333333333333
1,2,0,1,0,51,60,58,56.333333333333336
0,3,2,1,1,51,66,62,59.666666666666664
1,4,1,1,0,85,66,71,74.0
1,0,0,1,0,97,92,86,91.66666666666667
1,2,2,1,0,75,69,68,70.66666666666667
1,3,0,0,0,79,82,80,80.33333333333333
0,2,0,1,1,81,77,79,79.0
0,3,0,1,1,82,95,89,88.66666666666667
0,3,3,1,1,64,63,66,64.33333333333333
1,4,5,0,0,78,83,80,80.33333333333333
0,0,5,1,0,92,100,97,96.33333333333333
1,2,2,1,0,72,67,64,67.66666666666667
0,2,2,0,1,62,67,64,64.33333333333333
1,2,3,1,1,79,72,69,73.33333333333333
1,2,5,0,1,79,76,65,73.33333333333333
1,1,1,0,0,87,90,88,88.33333333333333
0,1,0,1,1,40,48,50,46.0
1,3,4,0,1,77,62,64,67.66666666666667
1,4,0,1,1,53,45,40,46.0
0,2,4,0,1,32,39,33,34.666666666666664
0,2,0,1,0,55,72,79,68.66666666666667
1,2,3,0,1,61,67,66,64.66666666666667
0,1,0,0,1,53,70,70,64.33333333333333
1,3,5,1,1,73,66,62,67.0
0,3,4,1,0,74,75,79,76.0
0,2,4,1,1,63,74,74,70.33333333333333
1,2,1,1,0,96,90,92,92.66666666666667
0,3,4,0,0,63,80,80,74.33333333333333
1,1,1,0,1,48,51,46,48.333333333333336
1,1,0,1,1,48,43,45,45.333333333333336
0,4,1,0,0,92,100,100,97.33333333333333
0,3,3,0,0,61,71,78,70.0
1,1,2,0,1,63,48,47,52.666666666666664
1,3,1,0,1,68,68,67,67.66666666666667
1,1,4,1,0,71,75,70,72.0
1,0,1,1,1,91,96,92,93.0
0,2,4,1,1,53,62,56,57.0
0,2,2,0,0,50,66,64,60.0
0,4,2,1,1,74,81,71,75.33333333333333
1,0,0,0,0,40,55,53,49.333333333333336
1,0,4,1,0,61,51,52,54.666666666666664
0,1,2,1,1,81,91,89,87.0
0,1,4,0,0,48,56,58,54.0
0,3,3,1,1,53,61,68,60.666666666666664
0,3,5,1,1,81,97,96,91.33333333333333
0,4,5,1,1,77,79,80,78.66666666666667
0,3,1,0,1,63,73,78,71.33333333333333
0,3,0,1,0,73,75,80,76.0
0,3,4,1,1,69,77,77,74.33333333333333
0,2,0,1,1,65,76,76,72.33333333333333
0,0,2,1,1,55,73,73,67.0
0,2,1,0,1,44,63,62,56.333333333333336
0,2,4,1,1,54,64,65,61.0
0,0,5,1,1,48,66,65,59.666666666666664
1,2,4,0,1,58,57,54,56.333333333333336
1,0,5,1,1,71,62,50,61.0
1,4,1,1,1,68,68,64,66.66666666666667
0,4,2,1,1,74,76,73,74.33333333333333
0,2,1,1,0,92,100,99,97.0
0,2,1,1,0,56,79,72,69.0
1,1,2,0,1,30,24,15,23.0
1,0,5,1,1,53,54,48,51.666666666666664
0,3,2,1,1,69,77,73,73.0
0,3,5,1,1,65,82,81,76.0
0,3,3,1,1,54,60,63,59.0
0,2,2,1,1,29,29,30,29.333333333333332
0,4,4,1,1,76,78,80,78.0
1,3,2,0,1,60,57,51,56.0
1,3,3,0,0,84,89,90,87.66666666666667
1,2,5,1,1,75,72,62,69.66666666666667
0,2,0,1,1,85,84,82,83.66666666666667
0,2,3,0,1,40,58,54,50.666666666666664
0,4,4,1,1,61,64,62,62.333333333333336
0,1,0,1,1,58,63,65,62.0
1,3,4,0,0,69,60,63,64.0
0,2,4,1,1,58,59,66,61.0
1,2,1,1,0,94,90,91,91.66666666666667
0,2,0,1,1,65,77,74,72.0
0,0,0,1,1,82,93,93,89.33333333333333
0,2,2,1,1,60,68,72,66.66666666666667
0,4,1,1,1,37,45,38,40.0
1,3,1,1,1,88,78,83,83.0
1,3,3,1,1,95,81,84,86.66666666666667
1,2,0,0,0,65,73,68,68.66666666666667
0,2,2,0,1,35,61,54,50.0
1,1,1,0,1,62,63,56,60.333333333333336
1,2,2,0,0,58,51,52,53.666666666666664
1,0,4,1,0,100,96,86,94.0
0,4,1,0,1,61,58,62,60.333333333333336
1,3,4,1,0,100,97,99,98.66666666666667
1,1,0,0,0,69,70,63,67.33333333333333
1,3,0,1,1,61,48,46,51.666666666666664
1,3,4,0,1,49,57,46,50.666666666666664
0,2,5,1,0,44,51,55,50.0
1,3,4,1,1,67,64,70,67.0
1,1,2,1,1,79,60,65,68.0
0,1,1,1,0,66,74,81,73.66666666666667
0,2,2,1,1,75,88,85,82.66666666666667
1,3,5,1,1,84,84,80,82.66666666666667
1,0,2,1,1,71,74,64,69.66666666666667
0,1,2,0,0,67,80,81,76.0
0,3,5,1,0,80,92,88,86.66666666666667
1,4,4,1,1,86,76,74,78.66666666666667
0,3,0,1,1,76,74,73,74.33333333333333
1,3,2,1,1,41,52,51,48.0
0,3,0,0,0,74,88,90,84.0
0,1,5,0,1,72,81,79,77.33333333333333
0,4,2,1,0,74,79,80,77.66666666666667
1,1,2,1,1,70,65,60,65.0
0,1,1,1,0,65,81,81,75.66666666666667
0,3,0,1,1,59,70,65,64.66666666666667
0,4,2,0,1,64,62,68,64.66666666666667
0,1,2,1,1,50,53,55,52.666666666666664
0,3,4,1,0,69,79,81,76.33333333333333
1,2,5,0,0,51,56,53,53.333333333333336
0,0,2,1,0,68,80,76,74.66666666666667
0,3,4,1,0,85,86,98,89.66666666666667
0,0,0,1,0,65,70,74,69.66666666666667
0,1,5,1,1,73,79,79,77.0
0,1,4,1,1,62,67,67,65.33333333333333
1,2,0,0,1,77,67,64,69.33333333333333
1,3,5,1,1,69,66,61,65.33333333333333
0,3,0,0,1,43,60,58,53.666666666666664
1,3,0,1,1,90,87,85,87.33333333333333
1,2,4,0,1,74,77,73,74.66666666666667
1,2,5,1,1,73,66,63,67.33333333333333
0,3,4,0,1,55,71,69,65.0
0,2,2,1,1,65,69,67,67.0
1,3,0,1,1,80,63,63,68.66666666666667
0,2,5,0,0,50,60,60,56.666666666666664
0,2,4,0,0,63,73,71,69.0
0,1,1,0,1,77,85,87,83.0
1,2,4,1,1,73,74,61,69.33333333333333
1,3,0,1,0,81,72,77,76.66666666666667
0,2,2,0,1,66,76,68,70.0
1,3,0,0,1,52,57,50,53.0
0,2,4,1,1,69,78,76,74.33333333333333
0,2,0,1,0,65,84,84,77.66666666666667
0,3,2,1,0,69,77,78,74.66666666666667
0,1,4,1,0,50,64,66,60.0
0,4,4,1,0,73,78,76,75.66666666666667
0,2,5,1,0,70,82,76,76.0
1,3,0,0,1,81,75,78,78.0
1,3,4,0,1,63,61,60,61.333333333333336
0,3,2,1,1,67,72,74,71.0
1,1,2,1,1,60,68,60,62.666666666666664
1,1,2,1,1,62,55,54,57.0
0,2,5,0,0,29,40,44,37.666666666666664
1,1,4,1,0,62,66,68,65.33333333333333
0,4,3,1,0,94,99,100,97.66666666666667
1,4,4,1,0,85,75,68,76.0
1,3,0,0,1,77,78,73,76.0
1,0,2,0,1,53,58,44,51.666666666666664
1,4,4,0,1,93,90,83,88.66666666666667
0,2,0,1,1,49,53,53,51.666666666666664
0,4,0,0,1,73,76,78,75.66666666666667
0,2,1,0,0,66,74,81,73.66666666666667
0,3,0,1,1,77,77,73,75.66666666666667
0,2,5,1,1,49,63,56,56.0
0,3,4,0,1,79,89,86,84.66666666666667
0,2,0,1,0,75,82,90,82.33333333333333
0,0,1,1,1,59,72,70,67.0
0,3,0,1,0,57,78,79,71.33333333333333
1,2,2,0,1,66,66,59,63.666666666666664
0,4,1,1,0,79,81,82,80.66666666666667
0,1,5,1,1,57,67,72,65.33333333333333
1,0,1,1,0,87,84,87,86.0
0,3,4,1,1,63,64,67,64.66666666666667
0,1,5,0,0,59,63,64,62.0
1,0,1,0,1,62,72,65,66.33333333333333
1,3,2,1,1,46,34,36,38.666666666666664
1,2,4,1,1,66,59,52,59.0
1,3,2,1,1,89,87,79,85.0
0,3,0,0,0,42,61,58,53.666666666666664
1,2,4,1,0,93,84,90,89.0
0,4,5,1,0,80,85,85,83.33333333333333
0,3,4,1,1,98,100,99,99.0
1,3,3,1,1,81,81,84,82.0
0,1,5,1,0,60,70,74,68.0
0,1,0,0,0,76,94,87,85.66666666666667
1,2,0,1,0,73,78,72,74.33333333333333
0,2,0,1,0,96,96,99,97.0
0,2,2,1,1,76,76,74,75.33333333333333
1,4,0,0,0,91,73,80,81.33333333333333
0,2,4,0,1,62,72,70,68.0
1,3,5,0,0,55,59,59,57.666666666666664
0,1,5,0,0,74,90,88,84.0
1,2,2,1,1,50,48,42,46.666666666666664
1,1,4,1,1,47,43,41,43.666666666666664
1,4,4,1,0,81,74,71,75.33333333333333
0,4,0,1,0,65,75,77,72.33333333333333
1,4,5,1,0,68,51,57,58.666666666666664
0,3,2,0,1,73,92,84,83.0
1,2,4,1,1,53,39,37,43.0
0,1,0,0,0,68,77,80,75.0
1,0,5,0,1,55,46,43,48.0
0,2,4,1,0,87,89,94,90.0
1,3,5,1,1,55,47,44,48.666666666666664
0,4,4,0,1,53,58,57,56.0
1,2,3,1,1,67,57,59,61.0
1,2,0,1,1,92,79,84,85.0
0,1,4,0,0,53,66,73,64.0
1,3,0,1,1,81,71,73,75.0
1,2,2,0,1,61,60,55,58.666666666666664
1,3,1,1,1,80,73,72,75.0
0,0,0,0,1,37,57,56,50.0
0,2,2,1,1,81,84,82,82.33333333333333
0,2,0,1,0,59,73,72,68.0
1,1,4,0,1,55,55,47,52.333333333333336
1,3,0,1,1,72,79,74,75.0
1,3,2,1,1,69,75,71,71.66666666666667
1,2,4,1,1,69,64,68,67.0
0,2,1,0,1,50,60,59,56.333333333333336
1,1,4,1,0,87,84,86,85.66666666666667
1,3,5,1,0,71,69,68,69.33333333333333
1,4,4,1,1,68,72,65,68.33333333333333
1,2,3,0,0,79,77,75,77.0
0,2,5,1,0,77,90,85,84.0
1,2,0,0,1,58,55,53,55.333333333333336
0,4,0,1,1,84,95,92,90.33333333333333
1,3,4,1,1,55,58,52,55.0
1,4,1,0,0,70,68,72,70.0
0,3,4,0,0,52,59,65,58.666666666666664
1,1,4,1,0,69,77,77,74.33333333333333
0,2,2,0,1,53,72,64,63.0
0,3,5,1,1,48,58,54,53.333333333333336
1,3,5,1,0,78,81,86,81.66666666666667
0,1,2,1,1,62,62,63,62.333333333333336
1,3,4,1,1,60,63,59,60.666666666666664
0,1,2,1,1,74,72,72,72.66666666666667
0,2,2,1,0,58,75,77,70.0
1,1,2,1,0,76,62,60,66.0
0,3,5,1,1,68,71,75,71.33333333333333
1,0,4,0,1,58,60,57,58.333333333333336
1,1,2,1,1,52,48,49,49.666666666666664
1,3,1,1,1,75,73,74,74.0
0,1,5,0,0,52,67,72,63.666666666666664
0,2,1,0,1,62,78,79,73.0
1,1,4,1,1,66,65,60,63.666666666666664
0,1,5,0,1,49,58,55,54.0
0,1,2,1,1,66,72,70,69.33333333333333
0,2,4,0,1,35,44,43,40.666666666666664
0,0,4,1,0,72,79,82,77.66666666666667
1,4,0,1,0,94,85,82,87.0
0,3,0,0,1,46,56,57,53.0
0,1,3,1,1,77,90,84,83.66666666666667
0,1,2,0,0,76,85,82,81.0
0,2,0,1,0,52,59,62,57.666666666666664
1,2,1,1,0,91,81,79,83.66666666666667
0,1,5,1,0,32,51,44,42.333333333333336
0,4,5,0,1,72,79,77,76.0
0,1,4,1,1,19,38,32,29.666666666666668
1,2,0,0,1,68,65,61,64.66666666666667
0,2,3,0,1,52,65,61,59.333333333333336
0,1,2,1,1,48,62,60,56.666666666666664
0,3,4,0,1,60,66,70,65.33333333333333
1,3,2,0,1,66,74,69,69.66666666666667
1,4,5,1,0,89,84,77,83.33333333333333
0,1,2,1,1,42,52,51,48.333333333333336
0,4,0,0,0,57,68,73,66.0
1,3,2,1,1,70,70,70,70.0
0,4,0,0,1,70,84,81,78.33333333333333
1,4,4,1,1,69,60,54,61.0
0,2,0,1,1,52,55,57,54.666666666666664
1,2,5,1,0,67,73,68,69.33333333333333
1,2,5,1,0,76,80,73,76.33333333333333
0,4,0,1,1,87,94,95,92.0
0,1,4,1,1,82,85,87,84.66666666666667
0,2,4,1,1,73,76,78,75.66666666666667
1,0,4,0,1,75,81,74,76.66666666666667
0,3,4,0,1,64,74,75,71.0
0,4,2,0,1,41,45,40,42.0
1,2,2,1,1,90,75,69,78.0
1,1,1,1,1,59,54,51,54.666666666666664
1,0,5,1,1,51,31,36,39.333333333333336
1,0,2,0,1,45,47,49,47.0
0,2,3,1,0,54,64,67,61.666666666666664
1,4,5,1,0,87,84,76,82.33333333333333
0,2,2,1,1,72,80,83,78.33333333333333
1,1,5,1,0,94,86,87,89.0
0,0,1,1,1,45,59,64,56.0
1,3,1,0,0,61,70,76,69.0
0,1,2,0,1,60,72,68,66.66666666666667
0,2,5,1,1,77,91,88,85.33333333333333
0,0,5,1,0,85,90,92,89.0
0,3,1,0,1,78,90,93,87.0
1,4,4,0,0,49,52,51,50.666666666666664
0,1,2,0,1,71,87,82,80.0
0,2,5,0,1,48,58,52,52.666666666666664
1,2,2,1,1,62,67,58,62.333333333333336
0,2,0,0,0,56,68,70,64.66666666666667
0,2,5,1,1,65,69,76,70.0
0,3,5,0,0,69,86,81,78.66666666666667
1,1,5,1,1,68,54,53,58.333333333333336
0,0,4,0,1,61,60,57,59.333333333333336
0,2,1,0,0,74,86,89,83.0
1,0,1,1,1,64,60,58,60.666666666666664
0,1,2,1,0,77,82,89,82.66666666666667
1,1,4,1,1,58,50,45,51.0
0,2,2,1,0,60,64,74,66.0
1,4,2,1,1,73,64,57,64.66666666666667
0,0,2,1,0,75,82,79,78.66666666666667
1,1,0,0,0,58,57,53,56.0
0,2,0,1,1,66,77,73,72.0
0,3,2,0,1,39,52,46,45.666666666666664
1,2,5,1,1,64,58,51,57.666666666666664
0,1,2,0,0,23,44,36,34.333333333333336
1,1,4,0,0,74,77,76,75.66666666666667
0,3,5,0,0,40,65,64,56.333333333333336
1,4,3,1,1,90,85,84,86.33333333333333
1,2,3,1,0,91,85,85,87.0
1,3,2,1,1,64,54,50,56.0
0,2,2,1,1,59,72,68,66.33333333333333
1,3,0,1,1,80,75,69,74.66666666666667
1,2,3,1,1,71,67,67,68.33333333333333
0,0,2,1,1,61,68,63,64.0
0,4,4,1,1,87,85,93,88.33333333333333
1,4,5,1,1,82,67,61,70.0
1,2,5,1,1,62,64,55,60.333333333333336
0,1,1,1,1,97,97,96,96.66666666666667
1,1,4,0,1,75,68,65,69.33333333333333
0,2,1,1,1,65,79,81,75.0
1,1,2,1,0,52,49,46,49.0
1,2,0,0,1,87,73,72,77.33333333333333
0,2,0,1,1,53,62,53,56.0
0,4,3,0,1,81,86,87,84.66666666666667
1,3,1,0,0,39,42,38,39.666666666666664
0,2,4,1,0,71,71,80,74.0
1,2,0,1,1,97,93,91,93.66666666666667
1,3,4,1,0,82,82,88,84.0
1,2,2,0,1,59,53,52,54.666666666666664
1,1,0,1,1,61,42,41,48.0
1,4,0,0,0,78,74,72,74.66666666666667
1,2,0,0,1,49,51,51,50.333333333333336
1,1,2,1,1,59,58,47,54.666666666666664
0,2,4,1,0,70,72,76,72.66666666666667
1,1,0,1,0,82,84,78,81.33333333333333
1,4,0,0,1,90,90,82,87.33333333333333
0,2,1,0,1,43,62,61,55.333333333333336
1,2,4,0,1,80,64,66,70.0
1,3,4,1,1,81,82,84,82.33333333333333
1,2,5,1,1,57,61,54,57.333333333333336
0,3,5,1,1,59,72,80,70.33333333333333
0,3,0,1,1,64,76,74,71.33333333333333
1,2,1,1,0,63,64,66,64.33333333333333
0,4,1,1,0,71,70,70,70.33333333333333
0,1,2,0,1,64,73,71,69.33333333333333
1,3,1,0,1,55,46,44,48.333333333333336
0,4,0,1,1,51,51,54,52.0
0,2,0,1,0,62,76,80,72.66666666666667
0,4,0,1,0,93,100,95,96.0
1,2,2,0,1,54,72,59,61.666666666666664
0,3,4,0,1,69,65,74,69.33333333333333
1,3,2,0,1,44,51,48,47.666666666666664
0,4,4,1,0,86,85,91,87.33333333333333
0,4,0,1,1,85,92,85,87.33333333333333
0,0,3,0,1,50,67,73,63.333333333333336
1,3,5,1,0,88,74,75,79.0
0,4,0,1,1,59,62,69,63.333333333333336
0,4,5,0,1,32,34,38,34.666666666666664
1,1,2,0,1,36,29,27,30.666666666666668
0,1,5,0,0,63,78,79,73.33333333333333
1,3,0,1,0,67,54,63,61.333333333333336
0,3,5,1,0,65,78,82,75.0
1,3,3,1,1,85,84,89,86.0
0,2,3,1,1,73,78,74,75.0
0,0,2,0,0,34,48,41,41.0
0,3,1,0,0,93,100,100,97.66666666666667
0,3,5,0,1,67,84,84,78.33333333333333
1,3,4,1,1,88,77,77,80.66666666666667
1,1,2,1,1,57,48,51,52.0
0,3,4,1,0,79,84,91,84.66666666666667
0,2,1,0,1,67,75,72,71.33333333333333
1,4,1,1,0,70,64,70,68.0
1,3,1,0,1,50,42,48,46.666666666666664
0,0,4,1,1,69,84,82,78.33333333333333
0,2,1,1,0,52,61,66,59.666666666666664
0,2,1,0,0,47,62,66,58.333333333333336
0,1,0,0,1,46,61,55,54.0
0,4,4,1,1,68,70,66,68.0
1,4,1,1,0,100,100,100,100.0
0,2,2,1,1,44,61,52,52.333333333333336
0,2,0,1,0,57,77,80,71.33333333333333
1,1,4,1,0,91,96,91,92.66666666666667
1,3,2,0,1,69,70,67,68.66666666666667
0,2,2,0,1,35,53,46,44.666666666666664
1,3,2,1,1,72,66,66,68.0
0,1,0,0,1,54,65,65,61.333333333333336
1,3,2,0,1,74,70,69,71.0
1,4,5,1,0,74,64,60,66.0
1,4,0,0,1,64,56,52,57.333333333333336
0,3,2,0,0,65,61,71,65.66666666666667
1,4,0,0,0,46,43,44,44.333333333333336
0,2,5,0,1,48,56,51,51.666666666666664
1,2,4,0,0,67,74,70,70.33333333333333
1,3,4,0,1,62,57,62,60.333333333333336
1,3,0,0,0,61,71,73,68.33333333333333
1,2,1,0,0,70,75,74,73.0
1,2,0,1,0,98,87,90,91.66666666666667
1,3,4,0,1,70,63,58,63.666666666666664
1,0,0,1,1,67,57,53,59.0
0,4,2,0,1,57,58,57,57.333333333333336
1,3,4,1,0,85,81,85,83.66666666666667
1,3,5,1,0,77,68,69,71.33333333333333
1,2,3,0,0,72,66,72,70.0
0,3,3,1,1,78,91,96,88.33333333333333
1,2,2,1,1,81,66,64,70.33333333333333
1,0,5,0,0,61,62,61,61.333333333333336
0,1,2,1,1,58,68,61,62.333333333333336
0,2,0,1,1,54,61,58,57.666666666666664
1,1,2,1,1,82,82,80,81.33333333333333
0,3,4,0,1,49,58,60,55.666666666666664
1,1,5,0,0,49,50,52,50.333333333333336
0,4,2,0,0,57,75,73,68.33333333333333
1,4,2,1,1,94,73,71,79.33333333333333
0,3,4,1,0,75,77,83,78.33333333333333
0,4,5,0,1,74,74,72,73.33333333333333
1,2,2,1,0,58,52,54,54.666666666666664
0,2,4,1,1,62,69,69,66.66666666666667
1,4,0,1,1,72,57,62,63.666666666666664
1,2,4,1,1,84,87,81,84.0
0,3,3,1,1,92,100,100,97.33333333333333
0,3,2,1,1,45,63,59,55.666666666666664
1,2,2,1,1,75,81,71,75.66666666666667
0,0,4,1,1,56,58,64,59.333333333333336
0,3,5,0,1,48,54,53,51.666666666666664
0,4,0,1,1,100,100,100,100.0
0,2,5,0,0,65,76,75,72.0
1,3,4,1,1,72,57,58,62.333333333333336
0,3,4,1,1,62,70,72,68.0
1,0,5,1,0,66,68,64,66.0
1,2,4,1,1,63,63,60,62.0
0,4,0,1,1,68,76,67,70.33333333333333
0,1,1,1,1,75,84,80,79.66666666666667
0,3,1,1,1,89,100,100,96.33333333333333
1,2,5,1,0,78,72,69,73.0
0,0,2,0,0,53,50,60,54.333333333333336
0,3,4,0,1,49,65,61,58.333333333333336
0,0,4,1,1,54,63,67,61.333333333333336
0,2,4,1,0,64,82,77,74.33333333333333
1,1,4,0,0,60,62,60,60.666666666666664
1,2,0,1,1,62,65,58,61.666666666666664
1,3,2,1,0,55,41,48,48.0
0,2,0,1,1,91,95,94,93.33333333333333
0,1,2,0,1,8,24,23,18.333333333333332
1,3,5,1,1,81,78,78,79.0
1,1,5,1,0,79,85,86,83.33333333333333
0,0,4,1,0,78,87,91,85.33333333333333
0,2,5,1,1,74,75,82,77.0
1,0,2,1,1,57,51,54,54.0
0,2,0,1,1,40,59,51,50.0
1,4,5,1,0,81,75,76,77.33333333333333
0,0,5,0,1,44,45,45,44.666666666666664
0,3,4,0,0,67,86,83,78.66666666666667
1,4,2,0,0,86,81,75,80.66666666666667
0,1,5,1,0,65,82,78,75.0
0,3,0,0,1,55,76,76,69.0
0,3,1,0,1,62,72,74,69.33333333333333
1,0,2,1,1,63,63,62,62.666666666666664
0,4,3,1,0,88,99,95,94.0
1,2,2,0,1,62,55,55,57.333333333333336
0,2,2,0,0,59,71,65,65.0
0,3,4,1,0,68,78,77,74.33333333333333
0,3,4,0,1,77,86,86,83.0
